amount,hour,merchant_risk,txn_velocity,distance_from_home_km,account_age_days,is_foreign,is_fraud
103.89,2,0.5183,4,54.63,398.9,0,0
285.8,7,0.5213,5,16.61,148.5,0,0
16.46,5,0.5513,1,68.05,133.8,0,0
220.87,1,0.3597,1,75.85,282.5,0,0
120.43,23,0.3425,4,35.07,185.1,0,0
487.85,11,0.4703,5,16.17,144.5,0,0
113.11,2,0.4222,4,7.73,185.3,0,0
85.81,4,0.2445,1,18.61,246.2,0,0
146.03,0,0.2184,5,11.62,629.9,0,0
21.33,5,0.7465,4,65.51,528.0,0,0
32.6,1,0.2282,3,15.27,447.6,0,0
78.99,4,0.6003,1,5.61,546.4,1,0
43.65,9,0.0749,5,54.93,439.1,0,0
39.98,15,0.3563,3,41.92,607.9,0,0
565.61,19,0.1842,3,23.22,153.4,1,0
443.18,1,0.1373,5,7.19,101.4,1,1
5.8,4,0.5954,3,22.59,348.5,0,0
76.71,2,0.4141,10,8.34,501.9,0,1
22.38,7,0.6267,5,154.01,312.8,0,0
232.9,3,0.4753,6,41.78,161.5,0,1
92.07,4,0.5353,3,118.82,451.0,0,0
318.98,22,0.6715,2,59.05,351.9,0,0
31.14,14,0.7665,6,106.38,204.4,0,0
28.5,20,0.7427,7,6.26,210.0,0,0
59.21,12,0.5635,2,20.94,52.2,1,0
40.56,18,0.6614,4,70.82,98.4,0,1
67.2,7,0.6146,5,45.23,90.5,0,0
241.52,4,0.3168,4,15.96,78.4,0,1
117.61,12,0.5665,4,30.17,486.5,0,0
54.79,22,0.303,1,4.35,35.8,0,1
77.78,19,0.4221,7,34.38,28.0,0,1
15.14,4,0.4057,5,1.01,1086.1,0,0
10.46,22,0.6621,5,27.65,226.1,0,0
247.42,11,0.7481,1,36.14,111.0,0,0
34.42,9,0.4909,4,108.01,148.2,0,0
309.16,5,0.2953,6,19.02,508.4,0,0
54.25,14,0.4265,4,55.06,233.7,0,0
84.29,13,0.1009,4,2.69,72.0,0,0
169.11,19,0.1714,7,1.28,19.7,0,0
190.11,21,0.2721,9,27.14,253.1,0,0
44.07,17,0.6217,3,28.88,142.1,0,0
79.13,3,0.4957,8,85.09,253.9,0,0
72.37,2,0.1458,5,0.57,517.4,0,1
107.59,12,0.711,2,1.39,368.4,0,0
89.4,2,0.259,1,26.68,673.7,0,0
35.51,14,0.5039,5,46.01,72.7,0,0
85.58,3,0.4717,1,43.66,237.8,0,0
17.06,4,0.4323,4,0.04,906.4,0,0
73.93,1,0.2438,2,62.23,60.5,1,1
82.96,19,0.3278,2,24.23,158.3,0,0
27.65,13,0.3861,1,76.76,275.4,0,0
55.59,7,0.336,2,20.51,19.5,0,0
44.1,8,0.7898,1,81.79,586.0,0,0
44.95,2,0.5262,2,8.39,988.9,0,0
157.22,19,0.4457,4,16.36,230.3,0,0
117.02,5,0.6337,4,46.99,338.3,0,0
192.73,1,0.7806,3,51.81,235.7,0,1
588.91,7,0.2515,3,4.34,470.9,0,0
220.82,4,0.5443,10,6.7,325.1,0,0
15.86,9,0.5569,2,2.93,911.4,0,0
38.26,20,0.3269,3,245.7,285.8,1,0
282.05,17,0.5951,4,24.43,538.0,0,0
49.66,4,0.3191,7,67.16,301.1,0,1
46.46,6,0.7067,2,1.05,99.3,0,0
102.94,9,0.7177,2,18.51,567.7,1,0
55.44,3,0.556,3,103.61,80.3,0,1
407.23,5,0.3903,3,28.48,441.5,0,0
62.72,5,0.7176,3,149.74,273.9,1,0
822.06,3,0.8045,1,40.9,268.3,0,0
42.1,5,0.5153,0,35.17,541.6,0,0
38.2,9,0.7666,2,16.5,637.9,0,0
31.97,19,0.5463,2,3.55,443.2,0,0
33.55,15,0.3044,7,91.47,735.4,0,0
151.94,1,0.7123,6,22.85,223.5,0,1
19.22,11,0.5673,4,25.25,232.6,0,0
26.99,4,0.3001,1,20.41,61.1,0,1
123.92,0,0.215,2,10.25,233.5,0,0
8.42,12,0.4304,2,58.13,194.5,0,0
16.9,3,0.3415,5,39.93,284.4,1,0
69.97,14,0.6412,4,58.34,322.4,1,0
110.84,5,0.4971,4,12.47,310.9,0,0
52.66,4,0.7432,5,16.26,187.8,0,1
113.93,13,0.5103,3,27.62,306.4,0,0
31.17,13,0.8278,4,69.71,315.5,0,0
334.92,19,0.4805,4,43.87,571.9,0,0
183.27,3,0.3776,4,13.65,85.9,0,1
32.65,23,0.3644,6,51.68,211.0,0,0
61.04,7,0.4011,5,2.46,148.2,0,0
10.34,23,0.2638,3,15.16,589.3,1,0
186.73,2,0.3773,2,24.32,50.3,1,1
20.5,22,0.1264,5,1.95,624.4,0,0
43.01,23,0.3569,5,82.46,118.8,0,0
54.98,5,0.092,3,72.69,644.8,0,0
18.61,3,0.374,3,2.35,153.8,1,0
32.04,13,0.3345,4,10.88,437.6,0,0
106.96,2,0.7962,3,8.64,144.2,0,0
44.79,5,0.6978,3,78.98,354.8,0,0
176.22,23,0.6984,3,13.38,340.0,0,0
154.73,17,0.6164,6,14.23,168.0,0,0
31.54,18,0.4239,6,3.44,274.9,0,0
46.82,20,0.3928,1,7.46,193.2,0,0
46.85,15,0.2373,1,4.17,135.4,0,0
49.21,16,0.2089,3,2.32,1330.4,1,0
322.08,16,0.4998,4,47.69,19.1,0,1
89.27,8,0.3393,5,39.54,374.4,0,0
14.02,1,0.4118,1,195.58,212.2,0,0
38.29,13,0.5613,3,11.79,206.6,0,0
46.43,18,0.5432,3,6.32,220.5,1,0
112.56,4,0.4027,4,7.16,328.4,0,0
446.82,3,0.3418,3,12.24,975.6,0,0
161.95,22,0.2007,2,29.76,369.5,0,0
66.55,2,0.2223,1,19.96,187.3,0,0
31.48,12,0.4628,6,9.83,193.9,1,0
305.21,17,0.258,6,48.95,65.9,0,0
54.78,1,0.3152,5,8.66,156.6,0,0
17.81,12,0.3051,5,6.33,372.6,0,0
105.39,15,0.2804,3,40.55,439.2,0,0
21.42,0,0.4782,3,32.34,1151.2,0,0
142.55,9,0.1755,3,55.89,398.9,0,0
49.7,10,0.6754,1,9.48,209.6,1,0
54.29,12,0.7719,4,73.07,299.0,1,0
4.73,0,0.4791,4,8.55,602.6,0,0
216.49,21,0.3305,0,35.95,499.2,0,0
22.67,20,0.2167,5,45.12,214.2,0,0
35.79,19,0.2813,3,7.42,213.9,0,0
89.2,11,0.2669,5,8.08,660.6,0,0
63.7,18,0.781,4,10.25,238.3,0,0
732.34,18,0.277,7,14.53,151.8,0,0
13.13,23,0.7216,2,78.15,449.1,0,0
50.25,18,0.3944,5,37.16,576.9,0,0
161.77,2,0.4497,0,21.85,165.6,0,0
47.32,2,0.2836,6,6.87,612.4,0,0
73.45,11,0.6172,6,5.98,846.5,0,0
977.26,16,0.4153,4,8.61,485.7,1,0
78.72,19,0.2612,2,2.37,52.5,0,0
299.07,0,0.3849,3,7.2,278.7,0,0
141.13,9,0.2805,2,24.93,725.5,0,0
154.08,9,0.1999,1,37.91,587.4,0,0
60.44,15,0.7214,3,1.04,10.2,1,0
14.45,12,0.4867,4,0.18,360.8,0,0
218.69,18,0.3464,5,19.06,388.6,0,0
128.61,16,0.3826,4,1.06,586.3,0,0
125.92,10,0.8058,3,22.02,139.3,0,0
63.43,4,0.3593,7,6.52,455.6,0,0
38.55,14,0.159,2,26.02,527.0,0,0
276.61,4,0.3851,5,19.55,256.6,0,0
102.18,14,0.6535,2,14.31,246.8,0,0
11.84,2,0.3592,5,39.6,690.7,1,1
69.86,4,0.4981,3,108.77,250.7,0,0
54.38,9,0.4705,2,60.73,186.0,1,0
5.33,11,0.4578,7,43.25,88.3,0,0
34.88,22,0.5528,4,20.36,350.6,0,0
988.41,13,0.7846,2,11.94,224.7,0,0
6.96,9,0.4595,2,11.1,229.0,0,0
23.24,19,0.8462,2,1.31,320.2,1,0
6.47,2,0.6603,3,1.39,633.0,0,0
15.14,0,0.3024,4,29.54,568.9,0,0
11.72,4,0.7802,5,70.51,505.3,0,0
22.55,12,0.4602,4,15.02,194.8,0,0
409.92,14,0.4962,2,18.23,431.9,0,0
182.35,18,0.6983,3,42.65,70.8,0,0
56.88,13,0.6764,7,14.36,365.9,0,0
393.01,2,0.4958,3,22.22,174.5,0,1
45.78,18,0.6982,7,2.56,342.3,0,0
28.35,0,0.5703,3,42.36,223.1,1,0
47.8,16,0.8502,3,2.72,294.4,0,0
15.13,11,0.3344,2,9.74,38.2,0,0
11.18,11,0.4988,4,8.18,1241.8,0,0
142.56,17,0.3104,1,50.4,346.3,0,0
102.68,0,0.5085,2,10.1,624.2,1,0
20.34,9,0.6962,3,12.24,399.0,0,0
117.6,22,0.6694,3,45.92,37.7,0,0
122.4,0,0.3548,5,59.34,357.8,0,0
40.27,20,0.5502,2,13.45,53.2,0,0
28.42,14,0.3939,3,17.74,191.0,0,0
162.65,21,0.333,4,69.39,298.7,0,0
115.33,0,0.1722,4,51.86,238.4,1,0
419.89,18,0.6454,0,26.98,90.0,0,0
113.98,12,0.2643,3,0.53,90.0,0,0
12.52,4,0.7089,3,3.56,555.4,0,0
15.92,10,0.4641,2,2.43,634.7,0,0
59.28,22,0.0968,9,51.29,454.5,1,0
165.5,9,0.3713,6,19.47,667.9,0,0
101.59,2,0.5943,4,2.51,1240.9,0,0
39.77,1,0.5823,1,57.13,371.4,1,0
13.7,0,0.125,3,12.1,567.2,0,0
320.17,4,0.7816,3,85.12,270.2,0,1
305.22,12,0.7165,8,13.23,137.8,0,0
18.04,7,0.3728,4,35.67,58.8,1,0
143.23,20,0.7858,5,12.08,840.4,0,0
95.13,18,0.6411,7,36.5,146.9,0,0
146.09,10,0.3102,3,1.02,9.4,1,0
336.28,4,0.3266,2,5.35,187.9,1,0
306.51,9,0.6998,6,67.6,287.1,0,0
122.29,14,0.5828,1,23.82,1233.0,0,0
57.76,0,0.5098,4,0.52,364.1,0,0
54.63,21,0.2826,4,33.84,220.4,1,0
59.22,14,0.2943,4,91.96,581.3,0,0
1129.96,23,0.4851,3,76.75,299.9,0,0
77.11,15,0.1803,2,32.76,264.6,0,0
160.73,7,0.5451,4,24.07,452.4,0,0
111.72,9,0.38,1,33.46,234.9,1,0
27.4,0,0.6188,4,37.05,885.3,0,0
118.84,1,0.336,7,6.45,849.2,1,0
38.0,1,0.2895,2,36.77,610.6,0,0
28.6,8,0.5414,5,126.58,159.0,0,0
133.52,5,0.0893,3,47.23,254.7,0,0
20.81,8,0.4337,2,31.87,525.6,0,0
177.24,8,0.1075,5,7.92,250.3,0,0
130.35,7,0.3663,1,2.25,230.1,0,0
261.1,11,0.5861,4,1.54,383.1,0,0
119.1,22,0.2968,4,13.47,149.3,0,0
28.34,11,0.3061,2,15.06,275.4,0,0
224.57,18,0.3184,3,9.62,198.6,0,0
236.47,17,0.3919,0,11.74,108.5,0,0
180.09,9,0.5811,2,68.65,421.4,0,0
153.41,4,0.3073,6,8.8,123.7,0,1
16.81,0,0.6004,6,39.56,82.3,0,1
173.46,1,0.2929,3,27.8,62.9,0,1
21.13,4,0.1547,6,6.76,435.3,0,0
39.58,20,0.164,1,2.25,118.1,0,0
32.08,2,0.6438,3,38.2,148.3,0,1
15.35,19,0.5492,5,21.83,591.6,0,0
88.0,10,0.7555,6,37.21,52.8,0,1
71.44,14,0.6157,2,30.03,227.8,0,0
278.17,2,0.5953,2,2.44,159.9,0,0
245.99,18,0.2159,3,17.06,549.1,0,0
87.96,1,0.7194,7,32.49,212.3,0,0
162.08,11,0.6321,1,6.87,150.9,0,0
66.41,1,0.6955,3,5.59,246.1,1,0
65.99,20,0.1928,8,21.34,307.3,0,0
83.56,13,0.185,0,21.33,66.3,0,0
63.39,12,0.1966,5,19.11,155.4,0,0
91.11,5,0.364,2,7.21,554.7,0,0
143.09,11,0.5415,2,33.45,222.8,0,0
21.77,0,0.8309,2,11.71,628.9,0,0
49.0,10,0.1267,1,13.79,827.0,0,0
160.11,4,0.3334,5,36.29,638.6,0,1
42.34,21,0.3913,5,14.32,679.7,0,0
43.24,5,0.4735,3,33.88,304.4,0,0
203.46,11,0.7965,5,3.5,120.8,0,0
35.16,0,0.7998,1,43.37,586.4,0,0
113.69,17,0.3084,6,34.87,725.6,0,0
85.61,3,0.7346,6,20.85,402.2,0,1
179.04,23,0.6737,4,32.73,193.7,0,0
68.99,5,0.3859,9,13.37,194.1,0,0
33.43,15,0.4133,3,27.6,699.7,0,0
38.39,23,0.1432,5,4.94,98.8,0,0
386.01,17,0.3801,0,23.33,37.4,0,0
43.22,7,0.7518,1,19.22,426.4,0,0
40.49,22,0.5804,1,3.86,282.7,0,0
46.45,4,0.5496,4,44.08,565.5,0,0
56.23,14,0.5137,5,122.26,325.8,0,0
49.0,17,0.3838,3,1.17,433.1,1,0
129.62,7,0.5192,7,45.53,574.2,0,0
81.58,19,0.4547,3,49.15,524.7,0,0
40.85,10,0.4826,1,7.84,349.0,0,0
151.8,20,0.4051,3,4.95,885.3,0,0
97.68,4,0.6508,5,10.47,745.4,0,0
277.81,21,0.1658,4,32.31,653.9,1,0
101.13,12,0.3954,3,41.93,268.1,1,0
64.84,9,0.5632,5,84.72,242.6,0,0
60.13,4,0.5912,4,33.03,97.7,0,1
85.21,1,0.4823,4,5.32,443.1,0,0
106.38,5,0.5379,5,4.39,288.4,0,0
73.55,8,0.2767,5,5.17,902.8,0,0
47.43,13,0.7805,6,62.58,804.6,0,0
137.92,16,0.2379,3,69.52,126.6,1,0
113.64,0,0.447,5,17.54,65.5,0,1
75.09,22,0.4368,5,79.7,156.3,0,0
143.8,4,0.4258,4,10.17,948.2,0,0
68.28,15,0.2929,9,11.73,1237.1,0,0
74.6,18,0.5802,3,11.92,523.0,1,0
138.59,9,0.5703,4,54.25,555.5,0,0
164.17,9,0.4076,1,46.51,95.8,0,0
141.65,0,0.6676,2,20.5,325.0,0,0
34.31,9,0.2893,6,9.03,942.5,0,0
107.32,22,0.0908,1,5.15,169.4,0,0
76.98,7,0.4686,2,5.71,486.2,0,0
109.05,21,0.5516,3,24.91,555.4,0,0
456.49,16,0.5143,9,3.03,159.2,0,0
59.71,20,0.3166,3,48.89,451.3,0,0
75.34,3,0.5354,3,3.52,55.0,0,1
41.98,15,0.1693,4,46.28,222.9,0,0
60.84,1,0.245,6,55.48,248.5,0,1
37.44,10,0.5727,5,35.17,246.1,0,0
25.2,16,0.5267,3,74.52,247.6,0,0
10.43,3,0.3459,7,25.57,721.2,0,0
36.77,23,0.2408,6,37.94,208.3,0,0
39.39,10,0.7711,4,44.58,1637.9,0,0
69.49,9,0.6524,4,19.38,235.1,1,0
42.98,21,0.5616,2,13.37,99.3,0,0
206.95,20,0.3199,3,34.51,185.0,0,0
92.46,22,0.6609,3,0.36,611.4,0,0
154.79,15,0.3589,4,45.33,331.5,0,0
196.97,15,0.2257,3,43.1,387.4,0,0
295.0,4,0.1865,4,70.95,220.0,0,0
195.0,17,0.527,4,3.61,83.4,0,0
30.45,14,0.5247,5,3.72,32.3,0,1
174.03,6,0.621,3,101.8,164.6,0,0
101.53,23,0.4257,2,17.71,255.3,1,0
283.3,10,0.6349,2,10.03,240.5,0,0
75.63,16,0.4302,4,14.4,199.6,0,0
231.48,15,0.6356,5,27.03,283.9,0,0
81.44,0,0.5151,3,29.36,591.2,0,1
84.75,10,0.3291,2,72.39,196.0,0,0
143.46,13,0.4267,6,3.83,470.8,0,0
53.81,23,0.5434,6,20.7,273.5,1,0
128.08,2,0.4816,2,68.58,1022.0,0,0
16.14,15,0.3592,4,5.3,414.8,0,0
119.53,9,0.34,7,24.99,97.8,0,0
20.66,10,0.4062,5,2.8,219.2,0,0
128.3,3,0.5061,6,28.64,333.2,0,0
3.25,11,0.253,5,15.76,475.3,0,0
12.01,0,0.3639,0,46.24,341.2,0,1
77.7,9,0.8431,6,36.62,114.2,0,0
79.08,8,0.7346,2,43.66,211.1,0,0
57.24,3,0.3539,5,14.56,330.8,0,0
151.78,23,0.6144,5,31.33,540.5,0,0
187.26,16,0.4769,3,1.89,938.4,1,0
926.03,22,0.4993,5,32.8,492.7,0,0
77.01,17,0.6332,3,2.76,582.7,0,0
207.37,11,0.5633,5,39.71,153.7,0,0
32.18,13,0.6053,1,14.16,588.9,0,0
42.65,3,0.4203,3,7.09,522.9,0,0
32.43,2,0.4291,4,21.01,350.1,0,0
66.02,10,0.5322,4,21.21,710.0,0,0
92.13,3,0.4503,6,9.31,352.1,0,0
208.91,17,0.78,3,7.28,330.6,0,0
104.13,5,0.5428,3,50.82,301.2,0,0
280.55,1,0.7216,4,2.05,576.5,0,0
285.19,13,0.2882,2,54.79,186.0,0,0
76.73,12,0.336,4,38.25,375.3,0,0
66.4,5,0.0897,8,65.17,669.2,0,1
16.04,2,0.5854,4,20.58,115.2,0,1
42.83,14,0.3816,2,4.75,263.0,0,0
32.81,17,0.3318,1,133.9,187.1,0,0
34.28,3,0.283,3,38.91,231.4,1,0
48.24,17,0.2393,4,12.15,131.4,0,0
124.73,14,0.53,1,20.14,117.0,0,1
98.49,17,0.6135,7,4.25,191.4,0,0
198.02,1,0.6877,5,11.39,87.7,0,1
108.28,23,0.4421,4,13.7,213.7,0,0
40.8,15,0.6415,6,8.92,821.0,1,0
157.12,4,0.1161,6,6.5,39.8,0,1
18.71,20,0.638,4,178.59,379.5,0,0
195.81,13,0.8537,1,86.39,119.0,0,0
34.27,3,0.8289,5,20.19,206.6,0,0
7.42,19,0.4542,4,8.8,136.6,0,0
127.04,16,0.4251,8,34.37,101.2,1,1
54.11,5,0.4121,6,224.35,260.5,0,1
238.58,12,0.2542,5,25.63,143.2,0,0
193.01,8,0.3831,5,70.19,518.1,0,0
27.49,0,0.4527,4,2.54,180.9,0,0
338.0,10,0.194,4,17.69,1306.5,0,0
11.2,4,0.4779,3,44.96,225.1,0,0
117.32,2,0.4238,5,0.9,404.8,0,1
306.31,1,0.429,7,21.36,583.6,0,1
26.69,4,0.2763,5,14.12,250.0,0,0
609.09,17,0.4108,1,4.71,496.2,0,0
86.67,7,0.474,2,44.9,173.4,1,0
106.99,2,0.6115,5,1.87,205.2,0,1
238.53,3,0.6689,4,0.88,414.1,0,1
111.96,14,0.7405,3,0.12,282.5,0,0
19.59,8,0.6642,3,0.54,655.7,0,0
2.95,14,0.8529,9,68.79,271.0,0,0
27.77,1,0.2868,3,27.87,1046.8,1,0
30.35,16,0.5923,3,57.27,458.5,0,0
28.55,23,0.7118,4,117.79,865.0,0,0
39.15,18,0.3148,5,1.44,118.5,1,0
4.27,16,0.4478,7,46.72,209.2,0,0
22.38,3,0.3153,8,33.24,231.4,0,0
127.27,8,0.6312,3,5.8,266.7,0,0
208.96,2,0.689,3,4.76,299.3,0,1
35.56,17,0.4882,4,16.87,1576.1,0,0
147.04,17,0.725,0,79.53,584.2,1,0
5.53,2,0.8047,4,12.59,112.8,0,1
96.56,17,0.5811,2,45.2,842.3,1,0
240.98,12,0.391,5,5.53,217.2,0,0
123.43,23,0.5731,4,0.79,281.8,1,0
71.77,23,0.1559,4,11.23,205.3,1,0
5.75,1,0.5091,10,7.8,441.0,0,0
488.06,19,0.2565,5,45.28,101.2,0,1
513.35,3,0.3073,3,2.36,1168.9,0,0
148.55,12,0.5311,4,33.97,167.5,1,0
279.19,11,0.3435,5,8.21,286.9,0,0
73.85,5,0.345,1,41.19,179.6,0,0
157.8,16,0.2558,5,17.93,74.1,0,1
170.58,12,0.5312,4,26.36,52.2,0,0
69.17,14,0.62,7,7.59,555.7,0,0
32.24,15,0.4777,3,9.39,403.9,0,0
176.81,8,0.7498,5,1.74,215.8,1,0
482.36,0,0.286,2,11.38,398.2,0,1
255.17,4,0.7577,7,9.73,153.3,1,1
103.63,3,0.4715,4,8.87,200.8,0,0
95.95,17,0.4142,2,25.11,135.8,1,0
101.63,4,0.2481,1,0.28,93.4,0,1
7.5,7,0.4731,3,15.03,131.3,0,0
66.26,9,0.6629,0,39.13,126.3,0,0
59.39,19,0.4369,5,67.43,385.0,0,0
22.04,19,0.4542,3,39.13,285.1,1,0
211.52,4,0.3837,4,0.99,235.4,0,0
97.7,9,0.3328,3,59.03,343.6,0,0
5.38,4,0.6676,4,91.59,164.0,0,0
93.21,23,0.7288,2,125.33,106.9,0,0
264.13,12,0.3891,3,15.33,153.8,1,0
40.62,0,0.2267,6,15.3,324.0,0,1
26.45,1,0.3609,2,3.01,165.8,0,0
20.31,20,0.4431,4,70.68,282.4,0,0
81.44,8,0.2211,6,38.52,248.7,0,0
35.66,21,0.4535,5,67.88,205.8,1,0
16.94,15,0.5085,4,16.49,69.5,1,0
372.45,12,0.3519,1,53.91,179.6,1,0
90.36,18,0.3301,10,67.84,352.4,0,0
43.64,16,0.6294,11,0.29,543.3,0,0
392.98,13,0.6391,2,0.2,519.6,0,0
96.96,1,0.498,0,4.96,487.4,0,0
64.41,18,0.6284,3,6.64,93.0,0,0
91.65,19,0.6978,4,31.16,666.4,0,0
43.44,21,0.3434,4,15.98,141.0,0,0
64.1,1,0.4474,4,1.33,193.2,0,0
132.17,23,0.4392,1,14.12,316.4,0,0
395.96,9,0.5162,4,23.7,626.2,0,0
42.56,4,0.4494,2,15.1,128.4,0,0
138.09,16,0.7136,2,11.57,1543.5,0,0
16.86,17,0.3879,2,0.77,259.8,0,0
122.23,0,0.155,3,8.8,255.6,0,0
447.51,6,0.1175,0,0.94,296.2,0,0
75.46,10,0.5942,7,35.04,530.7,0,0
41.37,19,0.2609,5,0.3,479.7,0,0
43.31,0,0.4763,4,16.12,112.1,0,1
119.58,17,0.4617,4,10.49,411.7,0,0
78.27,22,0.5084,5,22.72,419.2,0,0
49.18,22,0.6405,5,9.96,707.0,0,0
141.66,4,0.5295,4,9.82,44.8,0,1
30.64,14,0.2161,2,58.86,759.9,0,0
175.05,10,0.4964,1,52.98,647.9,0,0
53.78,14,0.4637,6,46.53,603.1,0,0
142.44,12,0.7315,4,0.28,864.2,0,0
170.67,21,0.2265,2,11.13,663.8,0,0
10.56,16,0.6262,9,26.76,441.7,0,0
68.66,12,0.3703,2,59.31,260.8,1,0
15.97,23,0.1196,0,103.99,108.4,0,0
13.05,22,0.4243,4,20.26,140.0,0,0
58.29,2,0.7171,5,16.47,787.4,0,1
100.2,14,0.5938,2,3.98,225.0,0,0
15.72,22,0.3664,3,47.17,258.2,0,0
96.67,19,0.5034,2,32.1,394.1,0,0
30.74,21,0.5728,7,88.53,228.3,0,0
78.88,14,0.4731,4,12.56,383.8,0,0
924.7,1,0.6205,3,92.25,250.1,0,1
53.66,0,0.5674,2,8.02,327.3,0,0
23.61,5,0.2931,2,12.42,386.8,0,0
72.39,14,0.3717,3,34.68,178.8,1,0
60.94,22,0.6875,1,12.88,392.9,0,0
52.17,8,0.283,4,24.25,226.7,0,0
76.27,14,0.7083,4,33.32,928.7,0,0
61.26,12,0.4253,3,11.94,42.1,0,0
21.38,4,0.4164,7,115.23,667.5,0,0
168.07,6,0.4868,2,12.21,230.1,0,0
274.11,7,0.6324,3,50.02,512.4,1,0
50.8,17,0.356,6,28.15,252.4,1,0
104.66,15,0.7995,3,2.29,446.0,0,0
9.53,10,0.4365,4,4.95,393.0,0,0
72.36,23,0.5374,8,26.53,253.0,0,0
504.44,5,0.151,7,6.27,148.0,0,0
164.02,16,0.734,3,89.25,63.1,0,0
85.97,2,0.7785,4,105.67,409.3,0,0
70.51,10,0.6535,2,33.37,538.3,0,0
54.66,17,0.4226,4,28.98,67.9,0,0
112.14,10,0.7851,5,41.48,295.1,0,0
206.12,13,0.2817,4,67.67,111.2,0,0
44.63,10,0.7277,5,9.0,485.3,0,0
156.2,4,0.372,3,3.57,43.5,0,1
32.83,20,0.3522,3,9.42,148.1,0,0
47.6,15,0.4633,3,21.52,228.0,0,0
24.25,17,0.8424,2,5.93,333.8,0,0
86.51,22,0.3876,3,2.89,291.2,0,0
80.12,15,0.7092,5,30.37,675.5,0,0
109.57,1,0.4917,3,23.57,771.1,0,1
100.34,14,0.3262,3,38.0,548.2,0,0
151.89,11,0.6938,4,34.21,235.0,0,0
592.82,4,0.503,7,24.43,312.5,0,1
153.39,13,0.3201,7,102.81,204.8,0,0
10.24,15,0.3282,1,1.84,254.9,0,0
57.52,12,0.4827,1,0.8,744.8,0,0
71.15,2,0.2121,1,113.25,897.0,0,0
15.11,14,0.4104,3,26.87,601.4,0,0
169.03,0,0.2701,5,98.22,385.4,0,0
440.8,3,0.4193,7,14.45,318.3,0,1
30.98,18,0.4167,7,50.14,359.8,0,0
260.64,11,0.7863,3,24.4,328.0,0,0
215.57,13,0.204,2,18.13,604.8,0,0
96.95,6,0.5942,4,12.63,412.5,0,0
169.12,12,0.5669,3,48.57,281.4,0,0
34.31,0,0.2789,6,27.22,515.0,0,0
232.96,0,0.4576,3,19.6,300.1,0,1
261.39,21,0.5722,2,5.6,179.5,1,0
118.76,5,0.3707,7,9.58,156.4,0,0
100.03,18,0.4053,4,5.02,68.5,0,0
33.34,11,0.4196,5,2.33,1250.5,0,0
189.87,1,0.4443,6,5.24,433.8,0,1
74.76,1,0.1147,2,29.31,372.7,0,1
64.3,1,0.5379,5,43.34,107.8,0,1
189.46,11,0.2886,5,0.6,130.4,0,0
55.22,6,0.3424,4,54.74,370.3,0,0
36.4,23,0.1721,3,7.06,263.5,0,0
218.71,2,0.1522,4,6.19,107.9,0,1
16.29,8,0.338,3,11.22,139.9,0,0
152.61,0,0.3432,6,4.53,202.0,0,0
21.52,13,0.3616,4,4.78,367.2,0,0
12.06,1,0.6801,2,17.75,187.4,1,0
142.18,15,0.704,3,78.03,220.1,0,0
101.94,16,0.3455,6,8.37,47.6,0,1
39.17,23,0.2119,5,6.73,367.1,0,0
23.2,4,0.7437,3,63.38,179.1,0,0
103.38,15,0.2738,7,35.7,741.4,0,0
46.15,5,0.5244,3,41.92,704.6,0,0
162.55,5,0.2586,4,42.19,383.2,0,1
41.43,20,0.1732,3,101.65,478.5,0,0
48.17,21,0.4321,2,21.3,807.4,0,0
223.38,5,0.34,5,102.57,505.1,0,0
26.37,13,0.5605,6,21.01,333.0,0,0
17.19,17,0.2904,7,7.73,153.8,0,0
28.94,6,0.5388,3,16.95,411.8,0,0
93.87,2,0.4723,5,57.09,142.9,0,0
498.35,18,0.5834,6,132.79,802.6,0,0
85.82,11,0.395,2,93.79,138.1,0,0
30.82,5,0.3244,3,27.43,260.5,0,0
32.17,0,0.5248,1,28.05,102.1,0,1
111.1,20,0.5372,7,0.87,57.2,0,0
13.02,9,0.3706,6,73.21,740.8,0,0
11.23,12,0.4758,5,2.04,269.5,0,0
89.68,2,0.523,4,12.91,951.4,0,0
178.52,1,0.1583,6,1.92,477.2,0,1
183.07,7,0.3837,4,38.1,127.6,0,0
104.19,4,0.5556,3,16.04,1295.2,0,0
243.95,0,0.2316,5,4.34,286.4,0,0
61.02,3,0.5598,2,4.48,739.4,0,1
50.47,14,0.8237,4,11.79,316.4,0,0
70.0,4,0.407,1,37.44,160.5,0,0
99.02,23,0.1533,1,22.02,387.7,0,0
3607.76,21,0.6218,4,0.3,753.0,0,0
60.53,7,0.3488,2,3.94,356.5,0,0
88.16,18,0.3357,9,21.89,281.5,0,0
418.79,3,0.3393,3,31.82,422.7,0,0
128.3,10,0.7275,3,3.61,607.1,0,0
13.74,9,0.6506,1,87.62,586.0,1,0
411.19,20,0.3988,3,3.54,412.1,0,0
101.91,8,0.2455,8,12.03,409.4,0,0
4.31,3,0.489,4,19.35,227.4,0,0
49.06,16,0.5768,2,15.36,287.4,0,0
35.86,14,0.2233,1,120.45,262.9,0,0
45.85,6,0.5391,2,21.89,500.3,1,0
71.15,17,0.2514,6,21.71,592.9,1,0
151.81,14,0.3146,2,37.32,222.5,1,0
261.7,2,0.6761,6,30.11,400.9,0,0
271.41,3,0.3023,2,24.66,93.3,0,1
366.06,15,0.6652,5,4.64,378.5,0,0
60.33,13,0.1758,3,30.41,22.5,0,0
9.12,0,0.5432,1,0.58,141.0,0,0
6.03,4,0.738,2,32.66,101.8,1,1
159.83,1,0.4734,3,2.58,30.9,0,1
69.41,23,0.2369,5,35.82,204.2,0,0
329.41,10,0.3351,8,50.19,604.8,0,0
117.17,11,0.5144,2,18.02,58.7,0,0
12.75,2,0.4939,2,21.41,418.6,1,1
40.27,10,0.7436,4,36.54,672.7,0,0
113.07,23,0.4613,1,23.4,748.7,0,0
24.2,20,0.6033,3,28.05,207.6,0,0
332.0,10,0.3859,5,19.44,197.9,0,0
47.44,20,0.6317,8,35.34,150.1,0,0
53.42,9,0.388,6,15.39,646.8,0,0
14.82,13,0.7129,3,33.71,314.8,0,0
565.55,8,0.4171,2,2.44,165.1,1,0
60.61,15,0.4572,1,1.02,122.1,0,0
98.55,16,0.385,3,16.67,382.5,0,0
34.03,1,0.697,2,5.52,152.4,0,0
49.67,21,0.3475,7,59.58,398.4,0,0
100.24,4,0.4281,3,8.12,275.0,0,0
113.71,17,0.2155,5,17.17,1116.3,1,0
131.12,22,0.4696,1,5.36,182.1,0,0
202.57,5,0.5081,2,24.1,347.0,0,0
147.41,23,0.3488,6,114.78,356.5,1,0
127.16,17,0.6665,1,2.46,367.9,0,0
38.17,16,0.195,2,22.58,150.8,0,0
58.81,2,0.6711,5,1.95,97.9,0,1
21.6,10,0.4457,2,65.81,312.1,0,0
44.71,10,0.2129,6,86.69,599.3,0,0
112.95,21,0.7007,3,27.01,345.3,0,0
110.07,11,0.8369,3,14.52,173.4,0,0
142.97,8,0.4959,5,1.13,813.4,0,0
320.94,9,0.3609,5,68.42,211.8,0,0
19.82,23,0.273,1,0.55,433.5,1,0
11.39,13,0.449,3,12.19,152.4,0,0
56.66,11,0.4849,1,17.79,495.5,0,0
322.04,17,0.7177,3,23.54,177.3,0,0
311.67,5,0.3655,1,16.2,126.7,0,0
89.89,20,0.4629,8,35.01,440.6,1,0
55.41,14,0.5265,3,33.43,190.1,0,0
95.73,5,0.2398,3,16.55,284.3,0,0
225.96,1,0.8582,1,83.67,168.7,0,0
33.81,11,0.34,5,26.27,116.2,0,1
41.64,17,0.1967,5,17.77,264.9,0,0
81.09,6,0.5458,3,1.33,245.6,0,0
225.74,23,0.3237,1,19.17,354.9,0,0
169.92,12,0.65,4,63.05,316.7,0,0
10.28,19,0.3629,4,78.6,403.0,1,0
170.32,2,0.2483,2,20.8,80.4,0,1
72.65,12,0.5339,4,41.46,191.2,0,0
139.29,23,0.4788,10,2.09,413.5,0,0
59.41,9,0.2871,5,3.08,580.1,0,0
121.43,17,0.4853,3,35.33,702.5,0,0
77.21,16,0.3281,2,67.16,571.2,0,0
42.77,6,0.521,4,14.5,147.1,0,0
34.52,19,0.4146,2,7.12,325.7,0,0
60.86,9,0.1978,5,59.13,152.4,0,0
20.2,8,0.4543,2,4.71,360.2,0,0
47.34,15,0.1141,3,47.91,350.0,0,0
53.43,4,0.2282,1,7.49,570.2,0,0
207.78,21,0.2792,1,0.03,339.3,1,0
143.07,1,0.0846,4,6.18,141.9,0,0
551.6,21,0.5184,1,31.64,40.4,0,0
13.77,12,0.4479,5,13.62,1091.2,0,0
57.02,15,0.5779,7,49.12,370.7,0,0
252.86,22,0.2121,2,8.31,336.1,0,0
96.98,23,0.813,4,12.33,391.2,0,0
59.26,19,0.4797,5,0.08,313.1,0,0
29.01,17,0.5944,5,69.57,110.2,0,1
147.57,12,0.2433,6,48.83,255.6,0,0
88.81,4,0.5782,5,30.59,181.2,0,1
52.56,9,0.3198,3,24.28,590.4,0,0
202.05,13,0.1727,5,54.94,457.0,0,0
691.18,4,0.3715,1,20.11,487.9,0,0
30.31,13,0.269,3,11.87,45.9,0,0
132.05,12,0.4546,5,5.79,731.1,0,0
84.65,16,0.3195,6,24.29,100.5,0,0
141.11,14,0.4493,5,56.12,168.9,0,0
276.04,20,0.3829,4,9.64,357.0,0,0
305.56,9,0.4573,10,19.48,201.5,1,0
44.77,13,0.4539,11,3.65,8.2,0,0
14.03,13,0.2469,3,0.71,91.2,0,1
67.11,7,0.3759,4,7.85,609.2,0,0
67.52,15,0.5444,3,14.7,295.4,0,0
4.7,6,0.4911,5,11.96,495.5,0,0
202.98,17,0.4517,7,58.24,16.5,0,0
43.6,21,0.2413,4,13.81,132.6,0,0
69.99,4,0.3715,2,7.74,410.6,1,0
41.65,13,0.2655,3,22.7,161.3,0,0
59.89,20,0.4267,5,98.57,951.7,0,0
264.08,13,0.5341,0,65.77,1691.6,0,0
80.18,9,0.3916,5,18.63,259.3,0,0
614.93,15,0.2427,4,14.29,270.7,0,0
138.25,8,0.5768,5,0.13,203.2,1,0
148.62,10,0.5934,4,1.75,491.5,0,0
60.09,23,0.7189,5,11.42,310.5,1,0
69.41,8,0.3436,5,3.32,1014.5,0,0
206.95,21,0.1426,3,8.78,156.4,0,0
241.58,17,0.3517,4,2.9,397.0,0,0
96.2,9,0.3981,3,25.68,574.9,0,0
128.61,21,0.3447,6,13.5,449.2,0,0
64.07,2,0.6497,3,8.65,1010.3,0,1
91.83,22,0.3856,4,129.9,496.2,0,0
80.42,16,0.6242,3,97.29,192.6,1,0
76.67,12,0.3342,2,70.17,924.4,0,0
200.7,9,0.3465,0,1.99,254.9,0,0
70.1,22,0.2006,2,89.94,120.3,0,0
39.29,18,0.1399,6,13.3,645.9,0,0
56.3,12,0.1719,5,3.84,108.3,0,0
55.35,18,0.7798,5,23.93,230.2,0,0
114.54,12,0.3546,2,4.22,416.3,1,0
42.18,16,0.5713,2,29.1,43.3,0,0
227.1,14,0.2741,5,16.68,170.5,0,0
56.3,3,0.3575,2,17.66,79.0,0,1
353.95,4,0.2881,5,5.69,314.3,0,0
75.64,16,0.7815,4,5.27,251.5,0,0
125.0,5,0.3175,2,11.64,522.9,1,0
199.08,21,0.2319,4,48.87,912.9,0,0
250.53,12,0.6536,4,7.84,233.2,0,0
137.98,2,0.1731,0,87.94,541.2,0,0
1014.01,17,0.2233,2,90.44,112.1,0,0
73.95,17,0.4007,4,18.78,672.5,0,0
16.3,14,0.4527,4,45.15,973.2,0,0
71.19,21,0.5564,6,15.91,262.9,0,0
163.16,17,0.3381,3,15.57,173.4,1,0
116.15,17,0.6321,3,66.86,209.3,0,0
26.62,11,0.5443,2,6.91,141.3,0,0
52.56,17,0.4797,5,72.01,463.1,0,0
32.8,9,0.8412,0,15.23,375.1,1,0
37.94,10,0.3872,5,41.42,124.7,1,0
67.12,13,0.6272,4,8.65,297.3,0,0
117.53,17,0.2017,4,24.21,286.5,0,0
35.56,1,0.5655,4,23.26,172.3,1,1
39.08,10,0.5605,4,20.83,612.2,0,0
150.02,0,0.3317,7,29.66,342.9,0,1
31.3,11,0.3106,7,64.66,409.0,0,0
29.92,9,0.7864,4,9.94,466.9,0,0
664.05,1,0.514,4,0.77,556.0,0,0
43.52,7,0.4648,3,28.34,998.0,1,0
11.88,5,0.6373,5,12.9,415.9,0,0
21.33,21,0.2709,5,7.54,325.9,1,0
10.04,9,0.5667,2,26.52,725.0,0,0
383.57,1,0.4403,2,4.04,308.0,0,0
68.56,8,0.3304,4,0.35,816.1,0,0
26.02,14,0.0487,5,0.38,143.6,0,0
129.17,21,0.3919,3,5.14,582.1,0,0
408.41,20,0.281,3,11.71,174.9,0,0
62.11,9,0.7647,2,130.81,134.3,0,0
377.29,14,0.3941,6,7.38,165.8,0,0
52.66,23,0.7225,3,10.6,65.0,0,1
22.72,2,0.2953,8,23.03,45.4,0,1
450.31,20,0.4078,4,63.02,74.7,0,0
35.83,19,0.3453,7,7.44,156.3,0,0
41.87,21,0.713,6,124.14,365.7,0,0
208.32,23,0.6467,1,90.62,152.9,0,0
76.36,3,0.1554,2,81.09,1029.9,0,0
66.0,12,0.6419,4,15.75,51.0,0,0
57.14,3,0.8178,5,15.42,631.3,1,0
37.86,5,0.4143,1,18.6,430.3,0,0
88.31,18,0.2561,5,1.87,171.6,0,0
119.99,20,0.3861,5,61.76,259.7,0,0
58.95,10,0.5808,2,17.5,865.9,0,0
129.88,17,0.5081,6,4.94,278.2,0,0
111.3,3,0.7976,2,10.19,123.7,0,0
108.57,10,0.2872,4,49.85,145.0,0,0
55.47,0,0.6571,2,32.94,242.6,0,0
50.83,17,0.6624,3,7.16,1045.8,0,0
106.76,5,0.4494,0,11.16,164.9,0,0
22.21,0,0.4343,2,21.52,699.8,0,0
1338.95,7,0.4312,5,3.71,196.8,0,0
5.96,7,0.1586,2,81.49,146.5,0,0
42.06,16,0.6081,3,7.33,267.3,0,0
123.24,7,0.3985,5,5.51,48.7,0,1
152.92,5,0.7867,4,84.83,449.6,0,0
31.67,0,0.5632,3,17.81,291.0,0,1
38.46,18,0.3288,5,41.82,370.1,0,0
77.47,1,0.4666,1,40.24,758.6,0,0
18.95,6,0.3204,9,19.02,243.4,1,0
22.15,4,0.6554,3,3.64,265.5,0,0
177.09,22,0.4264,6,4.55,503.7,0,0
166.85,13,0.6221,2,3.02,108.0,1,0
74.57,0,0.3873,1,20.88,51.3,1,0
159.14,15,0.3413,6,60.82,90.5,0,0
80.9,20,0.3712,6,29.38,118.6,0,1
33.99,15,0.6797,4,43.37,667.8,0,0
23.14,11,0.4697,4,21.41,274.9,0,0
137.63,6,0.5449,2,8.3,324.3,0,0
37.54,14,0.644,6,13.93,364.9,0,0
165.5,0,0.4878,4,8.45,700.7,0,0
54.3,4,0.6936,1,131.32,301.1,0,0
270.22,22,0.5076,7,2.53,94.5,0,0
28.32,16,0.1943,4,32.03,319.2,0,0
23.59,1,0.6506,4,17.82,1017.5,0,0
90.57,15,0.772,0,1.85,214.1,0,0
52.03,21,0.4107,2,27.37,779.0,0,0
85.43,15,0.4186,5,40.89,387.2,0,0
68.51,13,0.2694,1,113.95,788.8,0,0
44.02,11,0.3751,5,17.56,175.9,0,0
56.35,13,0.2592,2,74.37,150.1,0,0
8.25,20,0.4982,4,0.09,24.1,0,0
327.0,6,0.3238,2,72.13,224.8,0,0
38.8,17,0.1906,5,0.27,127.1,0,0
113.93,14,0.5369,4,84.58,190.0,0,0
9.2,2,0.5543,3,7.01,405.4,0,1
30.35,4,0.3884,1,57.15,23.2,0,1
94.62,20,0.3782,2,39.09,430.2,0,0
448.69,6,0.2724,6,29.57,185.4,0,0
114.6,9,0.4087,4,4.43,632.8,0,0
127.62,6,0.4879,4,9.41,640.7,1,0
44.76,12,0.5329,4,91.36,234.5,1,0
72.11,1,0.3611,4,1.5,168.0,0,0
59.9,9,0.4335,4,32.17,313.7,0,0
99.22,11,0.4034,5,19.65,624.3,0,0
252.23,18,0.216,1,19.67,521.2,0,0
51.36,4,0.2911,5,68.15,1078.0,0,0
74.84,8,0.5519,4,24.64,154.1,0,0
49.18,11,0.2366,0,21.67,172.6,0,0
56.25,18,0.2833,5,19.17,658.5,0,0
226.62,16,0.2107,3,4.32,237.3,0,0
114.14,0,0.3163,5,69.26,119.2,0,1
100.29,7,0.6664,5,24.25,168.0,0,0
64.31,4,0.7225,4,60.9,340.9,0,0
30.77,2,0.2542,5,200.51,980.2,0,0
146.42,5,0.2559,2,13.97,907.0,1,1
168.94,12,0.2624,2,18.28,611.7,0,0
176.29,18,0.5248,6,145.6,218.4,0,0
71.95,20,0.2974,3,0.34,210.4,1,0
33.57,6,0.2642,5,7.38,956.8,1,0
138.69,4,0.3852,2,17.17,188.0,0,0
215.25,13,0.4434,6,44.97,668.4,0,0
169.21,15,0.2214,6,5.4,399.7,0,0
33.51,12,0.5578,2,25.03,173.1,0,0
106.57,19,0.3106,2,18.84,467.6,0,0
10.45,8,0.1844,7,14.08,419.3,0,0
279.26,6,0.3824,5,53.04,39.6,0,0
86.79,12,0.7117,3,9.97,250.9,0,0
89.33,15,0.4894,5,18.11,334.8,0,0
344.43,6,0.4521,5,13.68,377.3,1,0
40.72,4,0.5867,4,67.22,163.3,0,0
82.74,23,0.1971,4,18.51,257.2,0,0
31.11,16,0.3519,5,6.17,211.3,0,0
16.49,13,0.1839,7,10.76,222.5,1,0
97.4,5,0.6636,8,7.24,867.7,0,0
93.04,22,0.2943,3,5.58,815.2,0,0
8.81,11,0.3854,5,31.09,91.7,0,0
152.82,5,0.4832,3,145.58,294.8,0,0
70.66,7,0.5166,10,9.4,535.4,0,0
156.38,7,0.502,7,3.52,155.4,0,0
93.23,0,0.5188,3,19.5,290.9,0,0
209.71,9,0.5481,4,2.63,112.3,0,0
235.18,5,0.7185,2,21.77,95.7,0,1
89.95,10,0.2937,2,26.18,305.0,0,0
185.46,12,0.1804,6,17.77,93.4,0,0
178.11,6,0.2666,6,13.17,356.0,0,0
22.61,0,0.6832,2,44.99,323.9,0,0
30.48,22,0.4257,5,0.23,407.4,0,0
26.84,2,0.3928,2,11.8,87.0,0,1
143.14,7,0.4476,3,28.45,56.1,0,0
36.33,16,0.3332,4,3.87,1169.8,0,0
9.66,20,0.3196,3,48.63,266.8,0,0
26.87,14,0.3695,3,8.02,452.8,0,0
50.27,4,0.4046,3,23.32,312.5,0,0
116.71,15,0.3953,2,55.87,250.4,0,0
268.48,8,0.2773,3,14.11,320.5,0,0
191.02,17,0.2326,3,3.37,156.4,1,0
88.07,8,0.208,2,55.36,289.4,0,0
32.24,1,0.3438,4,20.79,585.7,0,0
9.93,11,0.2464,4,31.33,252.9,0,0
45.28,0,0.4583,2,1.39,925.2,0,0
55.34,14,0.5497,0,153.84,417.9,1,0
81.45,6,0.3518,4,106.47,129.0,0,0
180.34,20,0.5343,4,5.66,464.4,0,0
144.22,11,0.4903,4,60.26,641.1,0,0
80.92,0,0.3987,4,17.78,208.0,1,0
49.48,14,0.6026,1,5.95,366.6,0,0
16.07,19,0.3793,4,17.92,87.1,0,0
33.1,0,0.2028,4,40.81,342.5,0,0
28.08,17,0.5547,4,16.08,199.7,0,0
984.99,17,0.6506,5,16.7,95.1,0,0
541.78,15,0.1931,0,0.67,210.5,0,0
20.93,11,0.3435,6,0.24,357.3,0,0
109.16,14,0.3489,1,17.6,1061.2,0,0
19.09,11,0.2912,6,69.24,564.4,0,0
92.17,8,0.5152,2,44.94,778.3,0,0
45.12,0,0.4404,4,46.04,650.1,0,1
63.95,11,0.6687,4,1.9,492.2,0,0
210.92,18,0.672,4,1.14,231.4,0,0
106.96,0,0.7488,3,6.45,381.7,0,0
175.9,0,0.4063,4,19.45,122.5,0,0
121.82,3,0.378,5,0.08,375.0,0,0
35.43,5,0.3933,3,42.0,378.4,0,0
19.86,11,0.5417,3,19.43,267.5,0,0
54.63,19,0.6314,4,53.66,269.8,0,0
54.52,0,0.5021,1,13.24,248.1,0,0
43.7,18,0.3511,2,79.67,445.6,1,0
36.43,16,0.1629,4,35.48,378.3,0,0
78.77,11,0.346,6,76.34,721.3,0,0
276.24,3,0.4003,5,14.1,826.8,0,1
9.03,1,0.4922,4,85.74,337.3,1,0
21.27,3,0.4613,2,15.17,224.4,0,0
95.71,6,0.5512,4,39.57,233.7,0,0
11.5,11,0.4428,5,92.13,118.4,0,0
17.4,7,0.495,5,9.1,184.0,0,0
611.3,12,0.6945,3,7.32,541.1,0,0
129.33,20,0.7027,3,4.01,460.6,0,0
1063.58,2,0.6617,1,37.29,257.9,0,0
13.36,21,0.4547,3,6.11,693.0,0,0
592.82,3,0.608,4,41.47,302.8,0,1
19.86,11,0.3367,5,49.85,428.3,0,0
180.42,16,0.6719,3,2.25,154.8,0,0
8.36,15,0.5168,2,102.08,487.5,0,0
98.54,17,0.354,6,1.48,63.3,0,0
105.74,16,0.5837,1,1.99,283.4,0,0
47.07,0,0.7009,2,8.08,246.5,0,0
18.31,11,0.4999,0,47.53,353.2,0,0
55.67,8,0.7642,4,27.13,1045.6,0,0
93.68,22,0.196,5,59.79,189.7,0,0
23.31,22,0.5937,0,1.8,427.8,1,0
59.94,4,0.8063,7,29.64,481.4,1,0
69.17,16,0.5456,1,13.2,500.8,1,0
115.8,4,0.1646,1,44.84,256.1,0,0
14.99,17,0.1925,2,14.25,106.1,0,0
40.65,5,0.8328,7,37.07,369.2,0,0
87.89,16,0.636,4,2.99,223.6,0,0
49.52,0,0.4781,2,2.71,388.5,1,0
24.57,16,0.6414,2,12.57,184.6,0,0
187.88,9,0.1933,2,22.35,425.5,0,0
194.18,16,0.5921,1,38.78,775.7,0,0
156.54,1,0.7608,1,24.08,164.0,0,1
51.11,20,0.5196,2,82.19,415.1,0,0
59.99,15,0.5204,4,22.74,292.8,1,0
256.85,7,0.4115,5,20.96,496.0,0,0
164.29,6,0.2797,4,6.69,142.0,1,0
260.88,5,0.6189,4,2.46,53.8,0,1
80.14,13,0.3571,3,81.13,228.7,0,0
135.56,0,0.7658,5,77.77,466.6,0,0
143.18,16,0.1481,0,5.14,256.6,0,0
311.92,18,0.3375,5,107.1,99.9,0,0
7.54,4,0.555,7,133.63,386.6,1,0
83.33,2,0.5836,6,3.88,235.5,0,1
191.2,23,0.3728,4,88.33,228.1,0,0
239.07,14,0.9369,3,10.13,340.8,1,0
46.87,15,0.4826,9,1.8,766.5,0,0
108.84,14,0.253,5,17.74,104.3,0,0
153.77,4,0.6721,2,9.85,278.4,1,1
258.39,18,0.3684,2,10.33,581.2,0,0
105.19,10,0.2328,4,46.13,797.3,0,0
95.32,5,0.3526,1,1.75,670.6,0,0
56.22,13,0.7319,4,66.36,127.1,0,0
226.19,20,0.5328,3,12.76,253.0,0,0
255.6,17,0.57,5,16.51,227.3,0,0
209.26,16,0.2883,8,87.5,112.3,1,1
154.76,5,0.3395,2,137.12,320.3,1,1
94.17,5,0.5207,3,19.11,172.4,0,0
40.96,19,0.3005,10,9.79,176.5,1,0
35.15,18,0.349,4,22.87,1682.7,0,0
206.4,20,0.3131,1,21.19,221.5,1,0
228.74,22,0.2608,3,6.7,448.1,0,0
94.21,7,0.5588,1,5.22,178.1,1,0
94.13,13,0.2799,5,19.07,139.3,1,0
91.22,12,0.5084,5,37.97,193.9,0,0
244.34,5,0.5172,1,24.98,247.7,0,0
157.04,12,0.4277,6,35.91,370.8,0,0
47.91,23,0.0309,5,46.71,375.0,0,0
122.61,22,0.8237,1,62.91,273.5,0,0
15.13,11,0.39,0,5.25,45.4,0,0
39.75,4,0.4485,7,29.61,623.3,0,1
12.82,19,0.5267,5,11.81,95.0,0,0
31.29,20,0.1966,4,37.57,543.9,0,0
34.33,12,0.2705,5,26.61,338.3,0,0
9.18,10,0.6065,6,130.34,485.2,0,0
238.03,3,0.7055,5,62.04,755.7,0,0
44.31,6,0.1484,2,23.37,708.0,0,0
53.36,0,0.8496,4,19.26,327.9,0,1
31.16,9,0.4105,1,20.77,510.1,0,0
129.74,2,0.2979,4,3.8,286.4,0,0
293.18,11,0.2136,2,7.68,283.8,0,0
124.3,4,0.1715,2,15.26,252.6,0,0
104.38,21,0.3954,0,1.68,624.4,0,0
10.23,2,0.1631,6,8.15,454.4,1,0
66.59,9,0.6385,5,63.77,461.9,0,0
140.79,2,0.4351,2,15.97,230.4,0,1
244.49,12,0.3712,5,45.54,575.0,0,0
135.17,6,0.5216,7,6.37,583.7,0,0
594.58,2,0.2474,4,14.32,81.0,0,1
35.57,13,0.6319,2,5.91,1027.4,0,0
35.57,12,0.553,7,43.04,219.0,1,0
108.13,4,0.2006,5,3.03,466.4,1,1
264.46,23,0.1965,7,43.3,152.8,1,0
310.71,18,0.4494,3,5.78,234.5,0,0
9.63,14,0.1938,3,47.5,747.1,0,0
82.31,22,0.2806,3,1.46,145.6,0,0
191.04,17,0.728,1,37.2,406.0,0,0
185.79,10,0.4376,8,0.24,275.8,0,0
129.65,23,0.487,2,55.13,64.2,0,0
67.68,14,0.5155,4,172.36,502.1,0,0
3.54,2,0.4216,3,39.46,630.9,0,0
576.09,1,0.4825,4,32.23,320.5,0,1
135.92,1,0.6166,1,17.71,578.0,0,0
30.52,7,0.7348,4,0.54,245.9,0,0
53.31,0,0.2752,0,58.84,237.3,1,0
95.64,12,0.7147,8,72.17,602.5,0,0
118.53,9,0.6952,8,20.8,243.7,0,0
18.36,7,0.37,6,36.65,722.8,0,0
27.36,9,0.6348,5,4.02,922.4,0,0
121.54,9,0.5324,5,21.78,300.7,0,0
41.39,23,0.3826,2,5.54,520.8,0,0
12.45,9,0.4195,4,10.21,778.9,0,0
33.4,22,0.6085,3,22.54,85.4,0,0
72.8,19,0.2711,5,14.58,219.2,0,0
14.31,9,0.2359,4,118.63,440.8,0,0
378.02,0,0.6647,2,12.19,422.3,0,0
241.81,19,0.0974,2,94.71,474.5,0,0
184.28,4,0.3551,4,17.52,299.5,0,0
80.71,1,0.5597,3,54.94,301.7,0,0
21.42,20,0.2165,2,7.74,587.2,1,0
31.84,15,0.2158,3,75.67,500.2,0,0
276.75,3,0.3521,4,2.09,21.5,0,1
33.33,5,0.0509,6,77.32,538.0,0,0
71.34,17,0.1682,1,86.66,301.8,0,0
55.17,2,0.712,2,19.89,403.9,0,1
63.01,16,0.5023,0,20.7,50.8,0,0
64.98,10,0.5106,2,44.25,470.4,0,0
58.05,19,0.2284,3,27.82,52.6,0,1
46.92,14,0.6646,6,15.56,616.0,1,0
53.56,23,0.3091,2,85.7,544.5,0,0
59.82,20,0.516,3,8.1,143.2,1,0
28.66,6,0.0965,2,0.16,188.1,0,0
18.16,10,0.5286,4,27.86,267.0,1,0
50.89,22,0.3975,4,42.81,295.0,1,0
30.71,2,0.7819,2,21.24,452.5,0,0
68.99,9,0.4104,3,6.75,139.8,1,0
25.36,13,0.6685,1,5.57,256.4,0,0
11.11,7,0.3171,5,100.62,568.0,1,0
315.64,1,0.7909,5,15.08,50.0,0,0
39.15,3,0.3237,3,21.63,568.9,0,0
7.97,9,0.6157,2,44.34,145.2,0,0
154.98,20,0.6654,4,84.17,628.6,0,0
45.06,12,0.4793,3,11.07,159.3,0,0
68.85,5,0.5529,4,69.27,163.1,0,0
82.86,3,0.4079,7,12.02,298.7,1,1
184.97,14,0.0762,5,46.71,357.4,0,0
91.3,3,0.3159,5,11.0,276.8,1,0
16.58,1,0.3222,5,17.61,208.2,0,0
20.34,0,0.2185,6,67.09,513.1,0,1
15.99,15,0.6163,1,7.45,145.6,0,0
40.91,21,0.2961,4,4.29,497.6,0,0
99.31,11,0.3564,0,34.37,224.4,0,0
29.86,5,0.2383,4,53.44,476.0,0,1
34.15,3,0.5519,3,6.63,132.5,0,0
32.76,5,0.5768,4,75.54,345.7,0,0
37.52,5,0.5125,3,21.22,115.9,1,1
132.99,13,0.2067,2,18.91,228.2,0,0
50.67,22,0.473,7,44.15,428.9,0,0
205.16,4,0.4299,1,2.82,267.1,0,1
39.91,7,0.3501,2,46.74,805.1,0,0
70.11,13,0.4722,3,5.02,214.5,0,0
56.18,9,0.4068,4,29.87,469.4,0,0
91.09,2,0.4609,5,23.89,152.8,0,0
116.79,3,0.2518,11,21.49,799.8,0,0
70.46,13,0.3635,10,5.86,647.6,0,0
1017.0,13,0.3524,6,4.71,365.1,0,0
317.26,13,0.6482,4,85.99,325.6,0,0
40.27,18,0.3014,8,6.19,274.3,1,0
267.23,3,0.7468,4,50.95,450.0,1,0
239.78,10,0.4238,3,16.48,577.9,0,0
19.21,10,0.4329,2,0.42,86.0,0,0
8.63,4,0.4251,7,9.31,381.8,0,0
88.86,16,0.4908,3,10.26,42.3,0,0
62.78,5,0.2322,4,1.21,430.6,0,0
6.01,14,0.4983,5,10.79,398.8,0,0
81.56,9,0.5902,4,33.77,91.5,0,0
75.22,4,0.3377,6,83.25,131.5,0,0
39.06,3,0.4932,1,13.9,241.9,0,0
347.95,11,0.4864,2,8.48,153.3,0,0
57.41,4,0.1074,5,34.92,71.0,1,1
48.39,15,0.5841,7,23.0,142.0,0,0
71.84,14,0.5716,3,3.98,561.7,0,0
18.38,18,0.5059,4,11.22,409.8,0,0
28.73,2,0.2833,4,98.89,359.2,0,0
4.29,20,0.0669,3,48.86,343.5,1,0
105.67,11,0.407,2,41.23,241.0,0,0
179.5,14,0.2353,2,60.97,91.8,0,0
95.22,23,0.2668,7,40.25,297.1,0,0
88.1,11,0.6285,4,2.18,45.3,0,1
65.57,20,0.6167,4,3.38,260.0,0,0
321.66,6,0.2786,4,40.48,162.3,0,0
61.25,19,0.5939,2,50.32,135.9,0,0
173.56,22,0.2951,4,41.54,471.9,0,0
156.72,3,0.6927,3,37.14,241.4,0,0
17.85,11,0.4055,1,3.68,1294.4,1,0
136.12,21,0.6275,5,97.4,439.6,0,0
23.15,7,0.4445,3,54.61,629.5,0,0
40.26,15,0.3246,6,46.06,599.5,0,0
58.93,1,0.5069,0,52.54,249.6,1,1
247.05,5,0.4061,3,38.19,338.5,1,1
34.51,15,0.4421,3,19.99,307.6,0,0
98.36,9,0.5565,3,11.58,102.6,0,0
14.83,15,0.2002,4,46.44,604.9,0,0
58.59,12,0.3866,5,14.13,249.1,0,0
43.8,22,0.5181,3,42.4,203.5,0,0
249.5,2,0.3361,6,6.02,131.7,0,0
33.4,14,0.6407,5,35.13,897.0,0,0
14.81,10,0.7191,4,8.99,303.3,1,0
45.93,22,0.1745,4,17.81,404.3,0,0
38.22,20,0.6568,4,8.98,256.5,1,0
90.39,6,0.2266,7,3.13,305.7,0,0
265.64,19,0.5452,5,24.83,157.2,0,0
50.73,13,0.7191,3,7.68,167.5,0,0
102.4,5,0.6411,1,58.27,190.7,1,0
64.37,1,0.1983,2,94.82,769.6,0,0
117.33,3,0.3047,5,3.68,820.1,1,1
26.78,14,0.6605,4,4.74,402.8,0,0
69.57,11,0.2559,7,74.02,393.5,0,0
183.12,2,0.4223,4,106.28,191.0,0,0
33.25,21,0.4164,5,12.63,475.9,1,0
59.86,13,0.4878,2,0.18,405.6,1,0
66.45,23,0.3816,3,0.51,415.5,0,0
16.15,5,0.6093,3,18.45,92.5,0,0
146.37,3,0.5962,3,10.79,943.8,0,1
40.24,20,0.685,2,8.99,269.7,0,0
67.9,17,0.3672,3,5.59,203.1,0,0
131.47,4,0.4373,3,14.26,284.8,0,0
145.49,7,0.4164,0,5.54,184.7,0,0
21.67,6,0.4816,3,50.2,308.2,0,0
107.69,16,0.1845,2,0.45,348.0,0,0
190.45,4,0.3171,3,12.11,485.0,0,1
36.92,1,0.6552,3,6.57,155.1,1,0
157.56,18,0.4358,6,3.29,209.0,0,0
107.65,0,0.6194,3,48.82,244.1,0,1
116.72,13,0.5417,3,16.33,194.8,0,0
169.23,5,0.576,8,67.5,805.6,0,0
29.51,9,0.7179,3,13.21,258.0,0,0
27.8,1,0.2983,5,25.63,654.0,0,0
228.85,3,0.3736,4,81.46,407.5,0,0
52.7,11,0.4098,2,4.19,482.9,0,0
16.87,8,0.2629,1,21.11,167.7,0,0
61.54,10,0.8619,5,1.92,564.3,1,0
65.11,0,0.4395,2,3.03,322.2,0,1
92.74,22,0.2278,4,37.38,130.6,0,0
49.42,11,0.3963,7,54.35,134.4,0,0
412.98,9,0.8285,2,2.18,63.3,0,1
29.67,20,0.3706,1,142.96,453.4,0,0
10.43,1,0.3897,6,47.05,247.0,0,0
16.76,9,0.3892,1,27.44,417.3,0,0
34.78,13,0.3273,4,144.86,633.2,1,0
116.87,5,0.6913,6,24.12,73.7,0,1
59.12,4,0.8739,2,19.17,240.0,0,0
102.62,3,0.6385,0,0.75,90.4,1,1
37.07,16,0.7291,3,71.91,201.4,0,0
109.35,15,0.4062,4,57.75,107.8,0,0
14.86,9,0.4558,4,44.64,811.8,0,0
84.87,1,0.3582,6,10.83,230.0,0,0
131.43,3,0.3216,6,103.97,944.6,0,0
28.72,8,0.2905,3,33.84,419.3,0,0
387.89,4,0.5049,5,16.25,427.8,0,0
11.07,16,0.1306,4,17.11,154.7,0,0
145.51,1,0.2299,2,14.16,191.7,0,0
166.37,8,0.7546,2,38.78,241.2,0,0
30.36,21,0.4503,3,17.88,434.6,0,0
98.99,6,0.4053,3,4.71,43.0,0,0
30.54,17,0.5155,4,23.63,88.5,0,0
96.65,5,0.6297,2,39.26,394.9,0,1
57.69,14,0.4862,2,19.13,83.3,0,1
72.11,12,0.2671,4,121.17,373.5,0,0
40.14,11,0.5937,7,68.05,789.9,0,0
40.35,2,0.3815,2,86.99,173.4,0,0
33.23,0,0.4866,2,128.29,526.4,0,1
136.93,2,0.2487,5,29.27,361.3,0,0
381.86,17,0.1924,3,89.11,114.1,0,0
702.2,23,0.705,3,14.7,34.9,0,0
183.59,4,0.5306,7,2.98,281.6,0,0
71.7,5,0.6125,5,29.08,830.3,1,0
195.45,8,0.4098,3,4.59,332.6,0,0
102.51,7,0.444,8,4.76,703.9,0,0
51.21,14,0.4688,2,4.09,990.0,0,0
519.29,9,0.6501,5,2.71,378.0,0,0
192.28,14,0.3281,4,41.44,549.0,0,0
34.44,1,0.3772,0,27.25,100.0,0,1
189.87,17,0.8939,5,12.66,491.5,0,0
129.14,17,0.6752,5,53.23,627.6,0,0
28.44,22,0.703,3,32.68,244.9,0,0
78.3,14,0.451,4,47.86,271.1,0,0
68.68,13,0.3489,2,1.03,689.7,0,0
5.42,13,0.3786,2,0.14,204.6,0,0
17.79,1,0.583,6,28.81,384.7,0,0
216.96,6,0.4493,4,36.8,322.4,0,0
35.59,21,0.1346,3,16.27,917.9,0,0
131.88,20,0.4887,6,24.67,499.2,0,0
260.57,22,0.0816,2,42.46,269.2,0,0
9.27,15,0.6479,2,17.83,327.5,0,0
368.35,4,0.4822,3,79.44,40.5,0,1
61.98,19,0.6939,3,9.37,695.4,0,0
108.4,13,0.6783,5,11.76,425.8,1,0
511.32,1,0.5468,4,12.29,230.3,0,0
193.12,1,0.5034,2,5.29,433.4,1,0
61.65,14,0.6435,2,38.94,498.9,0,0
43.19,15,0.2094,4,11.01,353.0,1,0
47.01,5,0.4235,3,17.6,364.9,0,0
41.85,22,0.759,3,30.51,68.3,0,0
260.39,3,0.5683,5,9.57,444.0,0,0
126.44,2,0.6735,4,56.08,449.3,1,1
90.87,7,0.4789,4,1.88,649.0,0,0
59.19,11,0.6072,7,18.32,567.6,1,0
152.65,10,0.4226,5,36.6,229.9,0,0
11.19,15,0.5994,1,40.55,394.9,1,0
474.67,3,0.4472,1,9.43,394.5,0,0
56.38,11,0.4082,7,6.18,512.3,1,0
28.44,11,0.3697,0,89.67,241.0,0,0
231.95,21,0.2948,4,25.75,433.5,0,0
226.6,18,0.3568,2,24.8,651.3,0,0
68.43,20,0.3722,5,3.85,338.1,0,0
277.97,20,0.4788,4,2.77,331.1,0,0
200.92,1,0.3141,3,42.01,140.6,0,0
107.75,11,0.6313,2,9.47,533.7,0,0
14.29,20,0.4393,5,35.02,285.4,0,0
83.63,19,0.7436,8,12.73,245.2,0,0
74.35,21,0.5297,4,76.87,327.7,0,0
57.47,0,0.5508,2,19.33,165.7,0,0
50.87,9,0.5546,8,1.86,561.2,1,0
156.27,2,0.5307,1,19.01,473.3,0,0
21.22,2,0.4127,2,4.08,347.3,0,1
243.23,12,0.192,4,39.97,229.5,0,0
70.08,23,0.5079,5,28.28,367.2,0,0
31.75,17,0.6977,6,36.85,374.0,0,0
55.14,12,0.4698,3,61.94,813.4,0,0
89.93,19,0.3213,4,27.31,840.7,0,0
311.78,14,0.5511,3,71.31,198.4,1,0
149.93,1,0.5855,5,45.51,214.4,0,0
240.14,14,0.4471,6,2.34,631.7,1,0
69.19,1,0.3206,2,16.76,204.1,0,0
59.61,7,0.4819,2,62.57,516.5,0,0
471.96,7,0.2094,6,2.16,484.4,0,0
64.22,23,0.2616,4,7.6,208.7,0,0
42.62,2,0.4997,4,13.73,365.9,0,0
38.48,19,0.644,7,6.75,100.3,0,0
98.97,5,0.4177,5,16.84,431.7,0,1
24.93,10,0.3024,7,13.94,411.9,0,0
88.51,21,0.848,7,20.48,344.6,0,0
86.83,9,0.5071,1,4.48,243.4,1,0
133.11,15,0.3925,5,47.01,687.0,0,0
12.81,20,0.3586,2,55.68,153.4,0,0
9.99,3,0.5136,7,26.45,398.9,0,0
47.57,6,0.6432,3,24.46,251.9,0,0
64.11,13,0.3247,8,13.0,250.8,0,0
24.12,7,0.4967,6,105.63,466.2,0,0
18.76,9,0.3759,4,3.32,844.9,0,0
113.57,16,0.3508,4,26.53,39.2,1,0
53.95,20,0.1692,8,44.89,325.7,0,0
165.45,8,0.4163,4,15.14,618.1,0,0
18.62,5,0.5997,3,82.23,140.7,0,1
66.14,16,0.2265,6,39.28,810.0,0,0
392.48,13,0.2441,1,8.2,89.2,0,0
54.74,17,0.7948,2,108.68,233.4,1,0
41.12,22,0.5111,3,11.18,127.8,0,0
183.48,4,0.55,4,5.59,184.4,0,0
249.28,17,0.7798,3,0.12,736.1,0,0
39.05,5,0.1811,3,33.29,128.9,0,0
42.02,4,0.6483,4,32.19,343.1,0,0
175.1,16,0.1982,4,126.06,193.5,1,0
99.49,5,0.5713,6,2.04,456.2,1,0
101.76,0,0.1964,4,18.8,298.0,0,0
93.38,9,0.3076,3,111.11,299.1,1,0
70.06,7,0.4636,3,3.77,172.7,0,0
200.86,0,0.4394,6,57.33,742.9,1,1
295.47,7,0.4859,5,13.2,408.4,0,0
26.32,7,0.0894,3,3.12,386.5,0,0
178.95,12,0.4614,5,2.17,479.1,0,0
70.53,11,0.4835,2,60.08,192.8,0,0
20.37,3,0.6043,2,16.22,581.4,0,0
29.24,15,0.3471,8,0.72,422.5,0,0
48.94,21,0.2058,4,8.66,453.9,0,0
212.33,18,0.1689,3,63.97,7.2,0,0
26.2,3,0.5377,4,16.83,278.8,0,1
12.17,12,0.5795,2,5.54,246.8,0,0
56.55,3,0.6098,9,21.15,378.3,0,1
45.72,8,0.4146,5,50.95,704.5,0,0
215.0,20,0.7644,4,57.86,197.3,0,0
95.29,2,0.4418,3,43.55,375.6,0,0
150.27,22,0.5543,2,28.73,445.8,0,0
49.73,6,0.3013,0,22.6,341.1,0,0
21.81,14,0.1579,3,16.42,220.7,0,0
273.74,11,0.5502,5,3.31,102.1,0,0
40.86,12,0.35,3,66.64,53.0,0,0
140.81,14,0.6607,4,9.62,232.7,0,0
51.01,1,0.5623,5,38.64,219.2,0,0
142.25,3,0.1779,3,25.66,344.7,0,0
99.69,17,0.5805,5,5.94,726.2,0,0
83.78,17,0.5444,7,44.96,260.8,0,0
111.42,12,0.3323,5,72.01,72.4,0,0
57.91,22,0.1529,8,63.79,342.2,0,0
13.4,0,0.5343,2,19.37,40.6,0,1
98.39,21,0.4639,5,7.32,50.5,0,0
231.7,9,0.4589,4,17.39,136.4,1,0
70.5,21,0.5559,2,82.04,149.0,0,0
53.86,10,0.4334,4,46.95,244.0,0,0
95.69,17,0.4274,5,22.75,487.8,0,0
196.22,23,0.5467,5,11.15,202.4,0,0
55.64,20,0.5948,2,12.19,328.7,0,0
16.53,1,0.6833,1,4.93,561.0,0,0
86.31,18,0.7807,6,2.77,1064.0,0,0
106.12,10,0.4678,5,53.72,174.0,0,0
87.72,5,0.5419,3,7.36,219.8,1,0
44.94,16,0.3521,2,16.77,344.6,1,0
102.97,9,0.6203,5,8.6,319.1,0,0
58.51,13,0.3201,2,26.04,285.5,0,0
47.6,18,0.5197,7,13.7,210.5,0,0
55.38,18,0.6842,5,98.18,78.0,0,0
87.62,10,0.388,2,26.8,288.6,0,0
97.59,9,0.5324,4,0.86,202.6,1,0
44.09,9,0.7088,5,105.95,233.3,0,0
89.93,15,0.4368,4,8.65,343.0,0,0
107.97,22,0.5308,3,4.4,723.4,0,0
128.69,5,0.04,4,0.02,106.7,0,1
119.33,5,0.622,2,11.49,259.1,0,0
271.15,14,0.4578,5,15.81,101.5,0,0
146.38,10,0.2898,8,8.85,585.6,0,0
546.85,0,0.3016,5,112.0,544.7,0,1
206.75,1,0.265,3,107.87,744.5,0,0
200.28,13,0.2406,5,1.79,403.5,0,0
21.62,8,0.3994,3,26.15,14.1,0,0
157.01,14,0.2851,0,23.75,376.2,0,0
172.61,17,0.1264,4,13.94,1083.7,0,0
70.51,6,0.4293,1,12.78,221.2,0,0
9.51,13,0.204,4,33.18,175.8,0,0
7.18,9,0.5422,6,23.61,207.4,0,0
55.73,22,0.2274,3,1.58,447.6,0,0
43.04,23,0.4532,5,107.38,148.9,0,0
16.59,15,0.3766,4,4.96,562.6,0,0
108.54,8,0.7311,11,31.67,39.0,0,1
23.72,22,0.4849,2,5.86,756.4,0,0
13.93,6,0.3553,2,77.28,226.1,0,0
580.18,11,0.7465,4,0.22,525.6,0,0
122.08,22,0.4159,3,27.95,209.9,0,0
48.14,13,0.4843,4,75.46,189.4,0,0
17.95,8,0.0839,6,9.13,259.3,0,0
30.4,0,0.2678,6,45.85,511.6,0,0
39.55,18,0.1877,4,80.9,196.5,0,0
42.79,1,0.5793,2,14.15,460.0,0,0
53.38,1,0.4919,9,12.63,374.0,0,1
22.62,4,0.7968,2,90.86,754.8,0,0
30.77,14,0.2566,1,12.63,509.7,0,0
13.32,21,0.5447,4,87.8,90.1,0,0
10.18,0,0.1641,0,28.25,279.3,0,1
15.87,15,0.311,3,49.04,451.3,0,0
40.05,11,0.4659,5,65.85,135.9,1,0
54.16,14,0.5536,8,4.7,414.8,0,0
117.37,15,0.4175,7,67.2,630.5,0,0
111.63,15,0.1291,5,15.57,177.3,0,0
137.52,19,0.2654,8,78.94,439.1,0,0
54.33,2,0.4277,4,5.06,1772.0,0,0
141.94,4,0.674,3,14.74,320.6,0,0
8.64,19,0.8243,4,20.8,415.0,0,0
134.8,1,0.3209,2,101.91,357.5,1,0
70.82,23,0.5224,4,26.59,224.0,0,0
192.81,10,0.5369,4,63.81,203.2,0,0
5.05,7,0.524,5,4.9,181.4,0,0
183.48,9,0.4208,5,3.53,100.5,0,1
14.49,5,0.5546,4,0.23,150.1,0,0
225.69,19,0.1469,4,47.87,637.4,0,0
31.72,14,0.4391,5,4.22,706.5,0,0
111.66,5,0.5614,0,26.81,380.4,0,0
67.61,17,0.7199,3,51.85,251.1,0,0
203.33,16,0.4951,0,7.44,107.3,0,0
85.73,13,0.6265,1,74.38,387.4,1,0
354.37,9,0.4418,5,45.36,601.0,0,0
35.87,19,0.2605,6,8.67,730.2,0,0
26.18,3,0.3046,8,46.61,941.2,0,1
38.34,21,0.4502,2,99.14,164.2,1,0
138.84,13,0.4802,5,10.36,838.1,1,0
144.72,22,0.3647,2,2.81,323.5,0,0
20.35,22,0.261,4,11.14,403.4,0,0
31.56,1,0.5909,3,65.31,371.8,0,1
98.34,6,0.9284,5,163.34,214.6,0,0
256.05,14,0.3858,5,24.61,446.1,1,0
36.51,2,0.0496,5,6.43,117.3,1,1
17.7,12,0.4334,8,91.35,778.0,0,0
200.97,6,0.7673,2,17.12,335.6,0,0
12.83,23,0.3319,4,76.81,18.6,0,0
126.46,3,0.3215,0,1.14,1352.4,1,0
8.43,2,0.69,4,16.15,369.8,0,0
65.34,10,0.1528,2,34.29,128.3,0,0
51.77,4,0.1706,8,54.86,560.4,0,1
33.7,18,0.3,4,41.14,139.7,0,0
310.91,0,0.487,6,82.96,179.0,0,0
67.81,14,0.3877,2,6.62,256.2,1,0
62.29,9,0.4175,3,0.68,113.2,0,0
57.01,22,0.5783,4,32.17,375.2,0,0
34.19,21,0.2769,1,51.52,150.5,1,0
458.36,18,0.4917,2,8.14,662.7,0,0
50.56,9,0.8174,5,9.35,175.5,0,0
470.96,9,0.922,6,2.36,55.1,0,0
32.28,0,0.4655,4,45.35,332.2,0,0
75.05,22,0.5219,1,24.84,224.0,0,0
45.69,23,0.5658,4,34.98,380.9,0,0
33.0,4,0.8134,6,1.33,612.8,0,0
61.01,10,0.689,0,59.37,113.7,0,0
389.45,13,0.4416,3,5.66,853.9,0,0
267.1,12,0.4264,4,10.41,529.4,0,0
75.53,10,0.5674,5,3.51,115.0,0,1
18.79,13,0.5059,4,8.79,93.1,0,0
101.69,18,0.3131,2,16.76,542.1,0,0
43.42,9,0.4708,2,27.06,827.2,0,0
28.08,1,0.6846,3,25.32,255.9,0,0
139.58,5,0.1407,6,21.28,37.7,0,1
20.48,2,0.4282,1,5.89,518.7,0,0
81.77,13,0.4236,3,14.7,785.7,0,0
115.19,11,0.4438,4,8.0,99.1,0,0
142.44,2,0.5009,6,3.87,147.4,0,1
20.44,6,0.2196,4,24.03,337.7,0,0
392.25,21,0.5255,0,7.66,470.9,0,0
96.22,20,0.6487,6,0.72,404.4,0,0
71.75,13,0.765,3,25.69,79.4,0,0
19.05,0,0.3335,4,0.52,278.6,0,0
31.45,18,0.3292,1,79.63,180.4,0,0
50.1,0,0.3836,6,15.28,864.4,0,0
69.59,21,0.7548,4,22.48,383.2,0,0
100.91,13,0.6541,5,24.62,146.9,0,0
50.24,4,0.5735,4,40.45,180.4,0,1
304.32,1,0.1458,3,7.74,153.2,0,0
48.97,16,0.6012,3,5.98,66.4,0,1
86.78,2,0.6329,4,27.94,114.6,0,1
222.91,10,0.5395,3,3.6,211.7,0,0
41.29,0,0.7327,5,27.99,230.0,0,0
18.23,21,0.486,3,90.31,391.1,0,0
47.24,17,0.4099,2,15.38,253.1,0,0
178.1,3,0.3757,2,11.49,505.1,0,1
76.58,14,0.4561,4,13.53,251.4,0,0
140.63,10,0.4882,6,75.26,425.2,1,0
19.25,1,0.4197,5,41.0,161.7,1,0
14.24,10,0.7849,4,120.6,607.0,0,0
127.81,7,0.699,6,10.23,426.0,0,0
101.56,4,0.7375,9,1.21,190.1,0,0
28.67,22,0.5103,3,26.62,304.3,0,0
22.76,4,0.242,2,37.5,184.9,0,0
60.73,15,0.7384,4,32.88,265.6,0,0
68.46,23,0.1955,5,55.14,149.5,0,0
21.16,0,0.6432,3,10.25,682.8,0,0
66.83,2,0.2251,6,41.76,768.9,0,1
16.8,16,0.7171,6,30.56,568.3,1,0
37.9,12,0.4996,1,5.59,201.3,1,0
19.25,18,0.4286,4,31.44,223.4,0,0
64.29,10,0.3342,0,5.61,45.0,1,0
37.81,21,0.4562,3,15.76,119.1,0,0
276.56,4,0.5077,2,57.7,913.3,0,1
97.29,10,0.2577,4,33.7,863.0,0,0
19.31,20,0.5101,8,16.2,695.2,0,0
178.38,2,0.5272,2,29.11,732.1,0,0
58.85,13,0.6124,3,66.58,103.4,0,0
152.73,9,0.4611,5,8.78,530.2,1,0
19.67,13,0.5455,2,42.16,486.1,0,0
130.77,2,0.5596,9,24.99,556.3,1,0
556.9,13,0.3554,3,5.04,1025.1,0,0
128.58,13,0.5769,5,37.58,45.7,0,1
39.64,13,0.6523,10,15.14,50.3,0,1
226.48,3,0.6547,6,14.25,128.4,1,0
36.2,8,0.3705,3,28.39,93.2,0,0
116.3,10,0.5638,6,33.62,258.5,0,0
678.47,15,0.7587,2,6.9,391.2,0,0
40.24,22,0.1764,4,46.46,468.2,0,0
119.8,1,0.4351,2,1.3,64.8,0,1
533.53,22,0.4725,9,71.06,177.4,0,0
192.17,20,0.2948,4,22.44,382.6,0,0
146.62,8,0.4465,4,8.6,292.5,0,0
10.07,12,0.6268,2,7.26,240.4,0,0
27.43,5,0.3917,2,3.89,653.3,0,0
170.97,11,0.5624,2,17.67,187.8,0,0
52.71,18,0.5875,3,3.79,881.6,0,0
43.82,0,0.7324,2,1.07,135.9,0,0
233.03,21,0.4897,2,10.59,147.3,0,0
139.23,11,0.7777,3,7.47,409.7,0,0
31.58,13,0.2236,6,42.17,209.4,0,0
153.87,10,0.4563,6,9.7,216.4,0,0
27.45,4,0.3495,4,16.04,177.8,0,1
14.63,8,0.6887,4,17.71,377.9,0,0
98.35,11,0.1465,9,33.38,52.7,0,0
20.71,9,0.7245,3,33.04,136.9,1,0
20.36,13,0.3771,9,10.52,226.4,0,0
25.71,0,0.2948,4,22.96,432.0,0,0
83.9,16,0.8126,3,37.0,193.3,0,0
155.94,12,0.6985,8,13.85,1050.2,0,0
52.94,21,0.341,6,53.06,483.6,1,0
21.26,11,0.7156,5,4.89,424.2,1,0
22.96,0,0.3114,4,67.48,300.1,0,1
14.97,18,0.4341,4,54.03,354.7,0,0
144.87,22,0.4642,2,2.36,252.2,0,0
28.66,13,0.4734,4,38.83,472.3,0,0
88.57,8,0.3801,2,6.64,580.5,1,0
11.59,12,0.8047,4,5.53,323.5,0,0
251.31,20,0.4988,2,17.59,1052.3,0,0
69.61,1,0.4379,7,40.48,189.3,0,1
14.67,1,0.4581,4,49.83,870.7,0,0
38.46,19,0.2587,1,7.78,478.7,0,0
84.5,3,0.5871,1,11.69,251.7,0,0
29.04,16,0.2406,3,17.37,212.8,0,0
101.2,21,0.6617,2,6.74,54.5,0,0
252.62,4,0.3339,4,114.72,649.4,0,1
175.47,22,0.7853,1,42.25,851.4,0,0
68.59,18,0.4301,4,77.12,394.1,0,0
293.26,15,0.4184,1,94.12,180.6,0,0
85.4,12,0.2316,3,25.84,119.5,0,1
61.88,4,0.5184,2,28.55,413.6,0,0
63.53,13,0.7457,4,20.23,392.0,1,1
76.63,0,0.3744,2,11.12,282.4,1,0
108.4,9,0.7306,4,61.3,314.2,0,0
28.68,14,0.7449,4,15.52,504.6,0,0
217.81,21,0.7055,2,9.04,351.6,0,0
256.64,3,0.5371,3,17.62,325.9,0,0
830.13,0,0.1224,5,40.96,443.1,1,1
12.61,0,0.2185,4,31.78,935.4,0,0
72.61,18,0.1005,3,29.54,101.4,1,0
31.49,7,0.5098,3,21.67,290.8,0,0
134.32,2,0.1743,3,10.82,101.8,1,1
238.73,18,0.2049,3,18.79,71.4,0,0
73.23,1,0.3101,4,11.77,377.1,1,0
51.88,12,0.734,7,16.95,551.3,0,0
43.62,14,0.3737,2,27.55,191.3,0,0
58.41,21,0.1075,5,18.79,315.5,0,0
103.3,9,0.4745,2,56.8,415.8,0,0
102.64,15,0.6784,3,19.86,787.9,0,0
317.15,0,0.4485,4,14.72,62.4,0,1
60.62,11,0.6449,2,7.85,388.4,0,0
177.73,9,0.8374,5,21.38,644.6,0,0
29.44,5,0.6508,1,1.45,418.9,1,1
20.23,22,0.6692,3,46.58,121.1,0,0
196.93,15,0.523,4,183.21,194.0,0,0
109.17,12,0.3099,3,0.68,277.3,1,0
42.94,2,0.5542,5,44.47,27.4,0,1
29.03,15,0.5915,2,17.77,813.9,0,0
45.34,10,0.4462,0,4.44,74.9,0,0
90.75,16,0.7586,1,76.24,175.7,0,0
85.46,16,0.8517,5,5.79,345.6,1,0
17.21,19,0.3964,3,107.41,126.5,0,0
20.53,9,0.4223,6,50.33,217.0,0,0
83.97,20,0.225,4,0.37,713.2,0,0
131.53,7,0.4973,2,21.81,884.9,0,0
33.32,15,0.426,7,37.69,208.8,0,0
17.72,7,0.6244,3,52.53,261.9,1,0
75.88,21,0.5993,5,138.14,78.0,0,0
8.1,9,0.4418,4,51.09,143.7,0,0
